Sentiment,Avg_PnL,Total_PnL,Avg_SizeUSD,Total_SizeUSD,Unique_Accounts
Greed,48.74900079269401,10296958.943436,5639.451210373822,1191187442.46,32
